date,trend_score,keyword,region
2024-12-08,83,meditation,chicago
2024-12-15,73,meditation,chicago
2024-12-22,58,meditation,chicago
2024-12-29,79,meditation,chicago
2025-01-05,84,meditation,chicago
2025-01-12,87,meditation,chicago
2025-01-19,87,meditation,chicago
2025-01-26,88,meditation,chicago
2025-02-02,85,meditation,chicago
2025-02-09,78,meditation,chicago
2025-02-16,85,meditation,chicago
2025-02-23,81,meditation,chicago
2025-03-02,77,meditation,chicago
2025-03-09,79,meditation,chicago
2025-03-16,73,meditation,chicago
2025-03-23,72,meditation,chicago
2025-03-30,74,meditation,chicago
2025-04-06,79,meditation,chicago
2025-04-13,74,meditation,chicago
2025-04-20,59,meditation,chicago
2025-04-27,71,meditation,chicago
2025-05-04,68,meditation,chicago
2025-05-11,69,meditation,chicago
2025-05-18,71,meditation,chicago
2025-05-25,70,meditation,chicago
2025-06-01,65,meditation,chicago
2025-06-08,77,meditation,chicago
2025-06-15,69,meditation,chicago
2025-06-22,65,meditation,chicago
2025-06-29,68,meditation,chicago
2025-07-06,100,meditation,chicago
2025-07-13,87,meditation,chicago
2025-07-20,98,meditation,chicago
2025-07-27,80,meditation,chicago
2025-08-03,77,meditation,chicago
2025-08-10,74,meditation,chicago
2025-08-17,72,meditation,chicago
2025-08-24,76,meditation,chicago
2025-08-31,73,meditation,chicago
2025-09-07,62,meditation,chicago
2025-09-14,83,meditation,chicago
2025-09-21,87,meditation,chicago
2025-09-28,74,meditation,chicago
2025-10-05,66,meditation,chicago
2025-10-12,84,meditation,chicago
2025-10-19,77,meditation,chicago
2025-10-26,74,meditation,chicago
2025-11-02,80,meditation,chicago
2025-11-09,83,meditation,chicago
2025-11-16,80,meditation,chicago
2025-11-23,63,meditation,chicago
2025-11-30,66,meditation,chicago
2025-12-07,65,meditation,chicago
2024-12-08,68,meditation,salt lake city
2024-12-15,78,meditation,salt lake city
2024-12-22,51,meditation,salt lake city
2024-12-29,81,meditation,salt lake city
2025-01-05,79,meditation,salt lake city
2025-01-12,79,meditation,salt lake city
2025-01-19,100,meditation,salt lake city
2025-01-26,89,meditation,salt lake city
2025-02-02,75,meditation,salt lake city
2025-02-09,81,meditation,salt lake city
2025-02-16,79,meditation,salt lake city
2025-02-23,72,meditation,salt lake city
2025-03-02,76,meditation,salt lake city
2025-03-09,69,meditation,salt lake city
2025-03-16,84,meditation,salt lake city
2025-03-23,85,meditation,salt lake city
2025-03-30,80,meditation,salt lake city
2025-04-06,91,meditation,salt lake city
2025-04-13,64,meditation,salt lake city
2025-04-20,70,meditation,salt lake city
2025-04-27,75,meditation,salt lake city
2025-05-04,82,meditation,salt lake city
2025-05-11,70,meditation,salt lake city
2025-05-18,71,meditation,salt lake city
2025-05-25,70,meditation,salt lake city
2025-06-01,74,meditation,salt lake city
2025-06-08,68,meditation,salt lake city
2025-06-15,82,meditation,salt lake city
2025-06-22,76,meditation,salt lake city
2025-06-29,78,meditation,salt lake city
2025-07-06,73,meditation,salt lake city
2025-07-13,75,meditation,salt lake city
2025-07-20,87,meditation,salt lake city
2025-07-27,79,meditation,salt lake city
2025-08-03,68,meditation,salt lake city
2025-08-10,62,meditation,salt lake city
2025-08-17,70,meditation,salt lake city
2025-08-24,74,meditation,salt lake city
2025-08-31,70,meditation,salt lake city
2025-09-07,68,meditation,salt lake city
2025-09-14,78,meditation,salt lake city
2025-09-21,70,meditation,salt lake city
2025-09-28,57,meditation,salt lake city
2025-10-05,58,meditation,salt lake city
2025-10-12,62,meditation,salt lake city
2025-10-19,62,meditation,salt lake city
2025-10-26,74,meditation,salt lake city
2025-11-02,72,meditation,salt lake city
2025-11-09,85,meditation,salt lake city
2025-11-16,70,meditation,salt lake city
2025-11-23,60,meditation,salt lake city
2025-11-30,61,meditation,salt lake city
2025-12-07,65,meditation,salt lake city
2024-12-08,69,meditation,austin
2024-12-15,79,meditation,austin
2024-12-22,59,meditation,austin
2024-12-29,73,meditation,austin
2025-01-05,66,meditation,austin
2025-01-12,83,meditation,austin
2025-01-19,92,meditation,austin
2025-01-26,72,meditation,austin
2025-02-02,78,meditation,austin
2025-02-09,61,meditation,austin
2025-02-16,66,meditation,austin
2025-02-23,71,meditation,austin
2025-03-02,64,meditation,austin
2025-03-09,59,meditation,austin
2025-03-16,50,meditation,austin
2025-03-23,66,meditation,austin
2025-03-30,73,meditation,austin
2025-04-06,72,meditation,austin
2025-04-13,65,meditation,austin
2025-04-20,57,meditation,austin
2025-04-27,60,meditation,austin
2025-05-04,58,meditation,austin
2025-05-11,58,meditation,austin
2025-05-18,58,meditation,austin
2025-05-25,70,meditation,austin
2025-06-01,59,meditation,austin
2025-06-08,63,meditation,austin
2025-06-15,66,meditation,austin
2025-06-22,66,meditation,austin
2025-06-29,76,meditation,austin
2025-07-06,69,meditation,austin
2025-07-13,84,meditation,austin
2025-07-20,99,meditation,austin
2025-07-27,100,meditation,austin
2025-08-03,65,meditation,austin
2025-08-10,74,meditation,austin
2025-08-17,59,meditation,austin
2025-08-24,79,meditation,austin
2025-08-31,59,meditation,austin
2025-09-07,55,meditation,austin
2025-09-14,74,meditation,austin
2025-09-21,66,meditation,austin
2025-09-28,80,meditation,austin
2025-10-05,53,meditation,austin
2025-10-12,79,meditation,austin
2025-10-19,67,meditation,austin
2025-10-26,57,meditation,austin
2025-11-02,76,meditation,austin
2025-11-09,61,meditation,austin
2025-11-16,89,meditation,austin
2025-11-23,62,meditation,austin
2025-11-30,61,meditation,austin
2025-12-07,58,meditation,austin
2024-12-08,72,meditation,new jersey
2024-12-15,85,meditation,new jersey
2024-12-22,57,meditation,new jersey
2024-12-29,81,meditation,new jersey
2025-01-05,93,meditation,new jersey
2025-01-12,97,meditation,new jersey
2025-01-19,92,meditation,new jersey
2025-01-26,100,meditation,new jersey
2025-02-02,77,meditation,new jersey
2025-02-09,79,meditation,new jersey
2025-02-16,88,meditation,new jersey
2025-02-23,88,meditation,new jersey
2025-03-02,86,meditation,new jersey
2025-03-09,81,meditation,new jersey
2025-03-16,80,meditation,new jersey
2025-03-23,77,meditation,new jersey
2025-03-30,79,meditation,new jersey
2025-04-06,77,meditation,new jersey
2025-04-13,78,meditation,new jersey
2025-04-20,71,meditation,new jersey
2025-04-27,87,meditation,new jersey
2025-05-04,77,meditation,new jersey
2025-05-11,69,meditation,new jersey
2025-05-18,69,meditation,new jersey
2025-05-25,70,meditation,new jersey
2025-06-01,79,meditation,new jersey
2025-06-08,76,meditation,new jersey
2025-06-15,74,meditation,new jersey
2025-06-22,67,meditation,new jersey
2025-06-29,64,meditation,new jersey
2025-07-06,84,meditation,new jersey
2025-07-13,82,meditation,new jersey
2025-07-20,90,meditation,new jersey
2025-07-27,90,meditation,new jersey
2025-08-03,79,meditation,new jersey
2025-08-10,78,meditation,new jersey
2025-08-17,84,meditation,new jersey
2025-08-24,77,meditation,new jersey
2025-08-31,80,meditation,new jersey
2025-09-07,75,meditation,new jersey
2025-09-14,88,meditation,new jersey
2025-09-21,74,meditation,new jersey
2025-09-28,84,meditation,new jersey
2025-10-05,79,meditation,new jersey
2025-10-12,82,meditation,new jersey
2025-10-19,77,meditation,new jersey
2025-10-26,80,meditation,new jersey
2025-11-02,79,meditation,new jersey
2025-11-09,92,meditation,new jersey
2025-11-16,66,meditation,new jersey
2025-11-23,62,meditation,new jersey
2025-11-30,67,meditation,new jersey
2025-12-07,72,meditation,new jersey
2024-12-08,74,mental health,chicago
2024-12-15,55,mental health,chicago
2024-12-22,34,mental health,chicago
2024-12-29,42,mental health,chicago
2025-01-05,70,mental health,chicago
2025-01-12,73,mental health,chicago
2025-01-19,67,mental health,chicago
2025-01-26,74,mental health,chicago
2025-02-02,76,mental health,chicago
2025-02-09,76,mental health,chicago
2025-02-16,79,mental health,chicago
2025-02-23,77,mental health,chicago
2025-03-02,74,mental health,chicago
2025-03-09,78,mental health,chicago
2025-03-16,75,mental health,chicago
2025-03-23,63,mental health,chicago
2025-03-30,69,mental health,chicago
2025-04-06,72,mental health,chicago
2025-04-13,74,mental health,chicago
2025-04-20,79,mental health,chicago
2025-04-27,94,mental health,chicago
2025-05-04,97,mental health,chicago
2025-05-11,79,mental health,chicago
2025-05-18,75,mental health,chicago
2025-05-25,58,mental health,chicago
2025-06-01,79,mental health,chicago
2025-06-08,70,mental health,chicago
2025-06-15,61,mental health,chicago
2025-06-22,61,mental health,chicago
2025-06-29,58,mental health,chicago
2025-07-06,64,mental health,chicago
2025-07-13,69,mental health,chicago
2025-07-20,75,mental health,chicago
2025-07-27,74,mental health,chicago
2025-08-03,68,mental health,chicago
2025-08-10,64,mental health,chicago
2025-08-17,59,mental health,chicago
2025-08-24,75,mental health,chicago
2025-08-31,64,mental health,chicago
2025-09-07,75,mental health,chicago
2025-09-14,85,mental health,chicago
2025-09-21,85,mental health,chicago
2025-09-28,85,mental health,chicago
2025-10-05,90,mental health,chicago
2025-10-12,78,mental health,chicago
2025-10-19,74,mental health,chicago
2025-10-26,84,mental health,chicago
2025-11-02,100,mental health,chicago
2025-11-09,92,mental health,chicago
2025-11-16,99,mental health,chicago
2025-11-23,69,mental health,chicago
2025-11-30,73,mental health,chicago
2025-12-07,75,mental health,chicago
2024-12-08,80,mental health,salt lake city
2024-12-15,65,mental health,salt lake city
2024-12-22,41,mental health,salt lake city
2024-12-29,46,mental health,salt lake city
2025-01-05,75,mental health,salt lake city
2025-01-12,68,mental health,salt lake city
2025-01-19,69,mental health,salt lake city
2025-01-26,82,mental health,salt lake city
2025-02-02,79,mental health,salt lake city
2025-02-09,80,mental health,salt lake city
2025-02-16,85,mental health,salt lake city
2025-02-23,88,mental health,salt lake city
2025-03-02,84,mental health,salt lake city
2025-03-09,75,mental health,salt lake city
2025-03-16,87,mental health,salt lake city
2025-03-23,83,mental health,salt lake city
2025-03-30,73,mental health,salt lake city
2025-04-06,79,mental health,salt lake city
2025-04-13,68,mental health,salt lake city
2025-04-20,76,mental health,salt lake city
2025-04-27,83,mental health,salt lake city
2025-05-04,75,mental health,salt lake city
2025-05-11,69,mental health,salt lake city
2025-05-18,73,mental health,salt lake city
2025-05-25,67,mental health,salt lake city
2025-06-01,88,mental health,salt lake city
2025-06-08,81,mental health,salt lake city
2025-06-15,75,mental health,salt lake city
2025-06-22,76,mental health,salt lake city
2025-06-29,71,mental health,salt lake city
2025-07-06,73,mental health,salt lake city
2025-07-13,79,mental health,salt lake city
2025-07-20,87,mental health,salt lake city
2025-07-27,81,mental health,salt lake city
2025-08-03,69,mental health,salt lake city
2025-08-10,76,mental health,salt lake city
2025-08-17,63,mental health,salt lake city
2025-08-24,81,mental health,salt lake city
2025-08-31,85,mental health,salt lake city
2025-09-07,84,mental health,salt lake city
2025-09-14,96,mental health,salt lake city
2025-09-21,95,mental health,salt lake city
2025-09-28,94,mental health,salt lake city
2025-10-05,95,mental health,salt lake city
2025-10-12,84,mental health,salt lake city
2025-10-19,86,mental health,salt lake city
2025-10-26,85,mental health,salt lake city
2025-11-02,100,mental health,salt lake city
2025-11-09,94,mental health,salt lake city
2025-11-16,94,mental health,salt lake city
2025-11-23,72,mental health,salt lake city
2025-11-30,79,mental health,salt lake city
2025-12-07,78,mental health,salt lake city
2024-12-08,60,mental health,austin
2024-12-15,46,mental health,austin
2024-12-22,36,mental health,austin
2024-12-29,47,mental health,austin
2025-01-05,55,mental health,austin
2025-01-12,58,mental health,austin
2025-01-19,60,mental health,austin
2025-01-26,63,mental health,austin
2025-02-02,72,mental health,austin
2025-02-09,67,mental health,austin
2025-02-16,68,mental health,austin
2025-02-23,64,mental health,austin
2025-03-02,62,mental health,austin
2025-03-09,59,mental health,austin
2025-03-16,52,mental health,austin
2025-03-23,66,mental health,austin
2025-03-30,64,mental health,austin
2025-04-06,70,mental health,austin
2025-04-13,60,mental health,austin
2025-04-20,69,mental health,austin
2025-04-27,74,mental health,austin
2025-05-04,69,mental health,austin
2025-05-11,62,mental health,austin
2025-05-18,49,mental health,austin
2025-05-25,50,mental health,austin
2025-06-01,75,mental health,austin
2025-06-08,65,mental health,austin
2025-06-15,69,mental health,austin
2025-06-22,62,mental health,austin
2025-06-29,63,mental health,austin
2025-07-06,69,mental health,austin
2025-07-13,64,mental health,austin
2025-07-20,84,mental health,austin
2025-07-27,91,mental health,austin
2025-08-03,61,mental health,austin
2025-08-10,71,mental health,austin
2025-08-17,59,mental health,austin
2025-08-24,63,mental health,austin
2025-08-31,64,mental health,austin
2025-09-07,71,mental health,austin
2025-09-14,82,mental health,austin
2025-09-21,88,mental health,austin
2025-09-28,87,mental health,austin
2025-10-05,93,mental health,austin
2025-10-12,78,mental health,austin
2025-10-19,79,mental health,austin
2025-10-26,78,mental health,austin
2025-11-02,88,mental health,austin
2025-11-09,99,mental health,austin
2025-11-16,100,mental health,austin
2025-11-23,69,mental health,austin
2025-11-30,68,mental health,austin
2025-12-07,66,mental health,austin
2024-12-08,79,mental health,new jersey
2024-12-15,69,mental health,new jersey
2024-12-22,43,mental health,new jersey
2024-12-29,54,mental health,new jersey
2025-01-05,71,mental health,new jersey
2025-01-12,66,mental health,new jersey
2025-01-19,66,mental health,new jersey
2025-01-26,73,mental health,new jersey
2025-02-02,75,mental health,new jersey
2025-02-09,77,mental health,new jersey
2025-02-16,88,mental health,new jersey
2025-02-23,89,mental health,new jersey
2025-03-02,85,mental health,new jersey
2025-03-09,74,mental health,new jersey
2025-03-16,85,mental health,new jersey
2025-03-23,79,mental health,new jersey
2025-03-30,80,mental health,new jersey
2025-04-06,79,mental health,new jersey
2025-04-13,75,mental health,new jersey
2025-04-20,85,mental health,new jersey
2025-04-27,99,mental health,new jersey
2025-05-04,100,mental health,new jersey
2025-05-11,83,mental health,new jersey
2025-05-18,74,mental health,new jersey
2025-05-25,71,mental health,new jersey
2025-06-01,89,mental health,new jersey
2025-06-08,84,mental health,new jersey
2025-06-15,67,mental health,new jersey
2025-06-22,66,mental health,new jersey
2025-06-29,59,mental health,new jersey
2025-07-06,71,mental health,new jersey
2025-07-13,75,mental health,new jersey
2025-07-20,89,mental health,new jersey
2025-07-27,87,mental health,new jersey
2025-08-03,65,mental health,new jersey
2025-08-10,66,mental health,new jersey
2025-08-17,61,mental health,new jersey
2025-08-24,66,mental health,new jersey
2025-08-31,73,mental health,new jersey
2025-09-07,75,mental health,new jersey
2025-09-14,92,mental health,new jersey
2025-09-21,93,mental health,new jersey
2025-09-28,88,mental health,new jersey
2025-10-05,94,mental health,new jersey
2025-10-12,78,mental health,new jersey
2025-10-19,89,mental health,new jersey
2025-10-26,80,mental health,new jersey
2025-11-02,89,mental health,new jersey
2025-11-09,100,mental health,new jersey
2025-11-16,98,mental health,new jersey
2025-11-23,67,mental health,new jersey
2025-11-30,80,mental health,new jersey
2025-12-07,81,mental health,new jersey
2024-12-08,0,breathwork,chicago
2024-12-15,0,breathwork,chicago
2024-12-22,0,breathwork,chicago
2024-12-29,0,breathwork,chicago
2025-01-05,0,breathwork,chicago
2025-01-12,0,breathwork,chicago
2025-01-19,0,breathwork,chicago
2025-01-26,0,breathwork,chicago
2025-02-02,84,breathwork,chicago
2025-02-09,0,breathwork,chicago
2025-02-16,0,breathwork,chicago
2025-02-23,0,breathwork,chicago
2025-03-02,99,breathwork,chicago
2025-03-09,0,breathwork,chicago
2025-03-16,0,breathwork,chicago
2025-03-23,0,breathwork,chicago
2025-03-30,0,breathwork,chicago
2025-04-06,0,breathwork,chicago
2025-04-13,0,breathwork,chicago
2025-04-20,0,breathwork,chicago
2025-04-27,0,breathwork,chicago
2025-05-04,0,breathwork,chicago
2025-05-11,0,breathwork,chicago
2025-05-18,0,breathwork,chicago
2025-05-25,0,breathwork,chicago
2025-06-01,0,breathwork,chicago
2025-06-08,0,breathwork,chicago
2025-06-15,0,breathwork,chicago
2025-06-22,0,breathwork,chicago
2025-06-29,0,breathwork,chicago
2025-07-06,0,breathwork,chicago
2025-07-13,87,breathwork,chicago
2025-07-20,0,breathwork,chicago
2025-07-27,0,breathwork,chicago
2025-08-03,0,breathwork,chicago
2025-08-10,0,breathwork,chicago
2025-08-17,0,breathwork,chicago
2025-08-24,0,breathwork,chicago
2025-08-31,0,breathwork,chicago
2025-09-07,0,breathwork,chicago
2025-09-14,0,breathwork,chicago
2025-09-21,0,breathwork,chicago
2025-09-28,0,breathwork,chicago
2025-10-05,83,breathwork,chicago
2025-10-12,0,breathwork,chicago
2025-10-19,0,breathwork,chicago
2025-10-26,0,breathwork,chicago
2025-11-02,0,breathwork,chicago
2025-11-09,0,breathwork,chicago
2025-11-16,0,breathwork,chicago
2025-11-23,0,breathwork,chicago
2025-11-30,100,breathwork,chicago
2025-12-07,20,breathwork,chicago
2024-12-08,0,breathwork,salt lake city
2024-12-15,0,breathwork,salt lake city
2024-12-22,0,breathwork,salt lake city
2024-12-29,0,breathwork,salt lake city
2025-01-05,0,breathwork,salt lake city
2025-01-12,0,breathwork,salt lake city
2025-01-19,0,breathwork,salt lake city
2025-01-26,0,breathwork,salt lake city
2025-02-02,0,breathwork,salt lake city
2025-02-09,0,breathwork,salt lake city
2025-02-16,0,breathwork,salt lake city
2025-02-23,0,breathwork,salt lake city
2025-03-02,0,breathwork,salt lake city
2025-03-09,0,breathwork,salt lake city
2025-03-16,0,breathwork,salt lake city
2025-03-23,0,breathwork,salt lake city
2025-03-30,0,breathwork,salt lake city
2025-04-06,100,breathwork,salt lake city
2025-04-13,0,breathwork,salt lake city
2025-04-20,0,breathwork,salt lake city
2025-04-27,0,breathwork,salt lake city
2025-05-04,0,breathwork,salt lake city
2025-05-11,0,breathwork,salt lake city
2025-05-18,0,breathwork,salt lake city
2025-05-25,0,breathwork,salt lake city
2025-06-01,0,breathwork,salt lake city
2025-06-08,0,breathwork,salt lake city
2025-06-15,0,breathwork,salt lake city
2025-06-22,0,breathwork,salt lake city
2025-06-29,0,breathwork,salt lake city
2025-07-06,0,breathwork,salt lake city
2025-07-13,0,breathwork,salt lake city
2025-07-20,0,breathwork,salt lake city
2025-07-27,0,breathwork,salt lake city
2025-08-03,0,breathwork,salt lake city
2025-08-10,0,breathwork,salt lake city
2025-08-17,0,breathwork,salt lake city
2025-08-24,0,breathwork,salt lake city
2025-08-31,0,breathwork,salt lake city
2025-09-07,95,breathwork,salt lake city
2025-09-14,0,breathwork,salt lake city
2025-09-21,0,breathwork,salt lake city
2025-09-28,0,breathwork,salt lake city
2025-10-05,0,breathwork,salt lake city
2025-10-12,0,breathwork,salt lake city
2025-10-19,0,breathwork,salt lake city
2025-10-26,0,breathwork,salt lake city
2025-11-02,0,breathwork,salt lake city
2025-11-09,86,breathwork,salt lake city
2025-11-16,0,breathwork,salt lake city
2025-11-23,0,breathwork,salt lake city
2025-11-30,0,breathwork,salt lake city
2025-12-07,32,breathwork,salt lake city
2024-12-08,0,breathwork,austin
2024-12-15,0,breathwork,austin
2024-12-22,0,breathwork,austin
2024-12-29,0,breathwork,austin
2025-01-05,0,breathwork,austin
2025-01-12,0,breathwork,austin
2025-01-19,0,breathwork,austin
2025-01-26,0,breathwork,austin
2025-02-02,0,breathwork,austin
2025-02-09,0,breathwork,austin
2025-02-16,0,breathwork,austin
2025-02-23,0,breathwork,austin
2025-03-02,0,breathwork,austin
2025-03-09,0,breathwork,austin
2025-03-16,0,breathwork,austin
2025-03-23,0,breathwork,austin
2025-03-30,0,breathwork,austin
2025-04-06,0,breathwork,austin
2025-04-13,0,breathwork,austin
2025-04-20,0,breathwork,austin
2025-04-27,0,breathwork,austin
2025-05-04,0,breathwork,austin
2025-05-11,0,breathwork,austin
2025-05-18,0,breathwork,austin
2025-05-25,0,breathwork,austin
2025-06-01,0,breathwork,austin
2025-06-08,0,breathwork,austin
2025-06-15,0,breathwork,austin
2025-06-22,0,breathwork,austin
2025-06-29,0,breathwork,austin
2025-07-06,0,breathwork,austin
2025-07-13,0,breathwork,austin
2025-07-20,0,breathwork,austin
2025-07-27,0,breathwork,austin
2025-08-03,0,breathwork,austin
2025-08-10,0,breathwork,austin
2025-08-17,0,breathwork,austin
2025-08-24,0,breathwork,austin
2025-08-31,0,breathwork,austin
2025-09-07,0,breathwork,austin
2025-09-14,0,breathwork,austin
2025-09-21,0,breathwork,austin
2025-09-28,0,breathwork,austin
2025-10-05,0,breathwork,austin
2025-10-12,0,breathwork,austin
2025-10-19,0,breathwork,austin
2025-10-26,0,breathwork,austin
2025-11-02,0,breathwork,austin
2025-11-09,0,breathwork,austin
2025-11-16,0,breathwork,austin
2025-11-23,0,breathwork,austin
2025-11-30,0,breathwork,austin
2025-12-07,100,breathwork,austin
2024-12-08,0,breathwork,new jersey
2024-12-15,0,breathwork,new jersey
2024-12-22,0,breathwork,new jersey
2024-12-29,0,breathwork,new jersey
2025-01-05,100,breathwork,new jersey
2025-01-12,0,breathwork,new jersey
2025-01-19,0,breathwork,new jersey
2025-01-26,0,breathwork,new jersey
2025-02-02,0,breathwork,new jersey
2025-02-09,0,breathwork,new jersey
2025-02-16,0,breathwork,new jersey
2025-02-23,0,breathwork,new jersey
2025-03-02,0,breathwork,new jersey
2025-03-09,0,breathwork,new jersey
2025-03-16,0,breathwork,new jersey
2025-03-23,85,breathwork,new jersey
2025-03-30,0,breathwork,new jersey
2025-04-06,0,breathwork,new jersey
2025-04-13,0,breathwork,new jersey
2025-04-20,64,breathwork,new jersey
2025-04-27,0,breathwork,new jersey
2025-05-04,0,breathwork,new jersey
2025-05-11,0,breathwork,new jersey
2025-05-18,0,breathwork,new jersey
2025-05-25,61,breathwork,new jersey
2025-06-01,0,breathwork,new jersey
2025-06-08,0,breathwork,new jersey
2025-06-15,0,breathwork,new jersey
2025-06-22,0,breathwork,new jersey
2025-06-29,88,breathwork,new jersey
2025-07-06,0,breathwork,new jersey
2025-07-13,0,breathwork,new jersey
2025-07-20,0,breathwork,new jersey
2025-07-27,0,breathwork,new jersey
2025-08-03,0,breathwork,new jersey
2025-08-10,0,breathwork,new jersey
2025-08-17,0,breathwork,new jersey
2025-08-24,0,breathwork,new jersey
2025-08-31,74,breathwork,new jersey
2025-09-07,0,breathwork,new jersey
2025-09-14,0,breathwork,new jersey
2025-09-21,0,breathwork,new jersey
2025-09-28,0,breathwork,new jersey
2025-10-05,0,breathwork,new jersey
2025-10-12,0,breathwork,new jersey
2025-10-19,0,breathwork,new jersey
2025-10-26,67,breathwork,new jersey
2025-11-02,73,breathwork,new jersey
2025-11-09,0,breathwork,new jersey
2025-11-16,0,breathwork,new jersey
2025-11-23,0,breathwork,new jersey
2025-11-30,0,breathwork,new jersey
2025-12-07,26,breathwork,new jersey
2024-12-08,68,mindfulness,chicago
2024-12-15,49,mindfulness,chicago
2024-12-22,46,mindfulness,chicago
2024-12-29,52,mindfulness,chicago
2025-01-05,58,mindfulness,chicago
2025-01-12,64,mindfulness,chicago
2025-01-19,55,mindfulness,chicago
2025-01-26,73,mindfulness,chicago
2025-02-02,75,mindfulness,chicago
2025-02-09,72,mindfulness,chicago
2025-02-16,78,mindfulness,chicago
2025-02-23,76,mindfulness,chicago
2025-03-02,58,mindfulness,chicago
2025-03-09,62,mindfulness,chicago
2025-03-16,63,mindfulness,chicago
2025-03-23,57,mindfulness,chicago
2025-03-30,61,mindfulness,chicago
2025-04-06,62,mindfulness,chicago
2025-04-13,53,mindfulness,chicago
2025-04-20,55,mindfulness,chicago
2025-04-27,46,mindfulness,chicago
2025-05-04,56,mindfulness,chicago
2025-05-11,48,mindfulness,chicago
2025-05-18,46,mindfulness,chicago
2025-05-25,40,mindfulness,chicago
2025-06-01,55,mindfulness,chicago
2025-06-08,56,mindfulness,chicago
2025-06-15,49,mindfulness,chicago
2025-06-22,48,mindfulness,chicago
2025-06-29,48,mindfulness,chicago
2025-07-06,100,mindfulness,chicago
2025-07-13,62,mindfulness,chicago
2025-07-20,91,mindfulness,chicago
2025-07-27,59,mindfulness,chicago
2025-08-03,61,mindfulness,chicago
2025-08-10,71,mindfulness,chicago
2025-08-17,56,mindfulness,chicago
2025-08-24,58,mindfulness,chicago
2025-08-31,53,mindfulness,chicago
2025-09-07,63,mindfulness,chicago
2025-09-14,61,mindfulness,chicago
2025-09-21,79,mindfulness,chicago
2025-09-28,76,mindfulness,chicago
2025-10-05,77,mindfulness,chicago
2025-10-12,62,mindfulness,chicago
2025-10-19,69,mindfulness,chicago
2025-10-26,69,mindfulness,chicago
2025-11-02,92,mindfulness,chicago
2025-11-09,71,mindfulness,chicago
2025-11-16,70,mindfulness,chicago
2025-11-23,65,mindfulness,chicago
2025-11-30,59,mindfulness,chicago
2025-12-07,59,mindfulness,chicago
2024-12-08,52,mindfulness,salt lake city
2024-12-15,48,mindfulness,salt lake city
2024-12-22,49,mindfulness,salt lake city
2024-12-29,0,mindfulness,salt lake city
2025-01-05,41,mindfulness,salt lake city
2025-01-12,96,mindfulness,salt lake city
2025-01-19,71,mindfulness,salt lake city
2025-01-26,75,mindfulness,salt lake city
2025-02-02,52,mindfulness,salt lake city
2025-02-09,50,mindfulness,salt lake city
2025-02-16,78,mindfulness,salt lake city
2025-02-23,39,mindfulness,salt lake city
2025-03-02,54,mindfulness,salt lake city
2025-03-09,40,mindfulness,salt lake city
2025-03-16,77,mindfulness,salt lake city
2025-03-23,61,mindfulness,salt lake city
2025-03-30,61,mindfulness,salt lake city
2025-04-06,45,mindfulness,salt lake city
2025-04-13,100,mindfulness,salt lake city
2025-04-20,58,mindfulness,salt lake city
2025-04-27,61,mindfulness,salt lake city
2025-05-04,59,mindfulness,salt lake city
2025-05-11,59,mindfulness,salt lake city
2025-05-18,59,mindfulness,salt lake city
2025-05-25,0,mindfulness,salt lake city
2025-06-01,46,mindfulness,salt lake city
2025-06-08,40,mindfulness,salt lake city
2025-06-15,36,mindfulness,salt lake city
2025-06-22,56,mindfulness,salt lake city
2025-06-29,43,mindfulness,salt lake city
2025-07-06,66,mindfulness,salt lake city
2025-07-13,77,mindfulness,salt lake city
2025-07-20,93,mindfulness,salt lake city
2025-07-27,48,mindfulness,salt lake city
2025-08-03,59,mindfulness,salt lake city
2025-08-10,55,mindfulness,salt lake city
2025-08-17,51,mindfulness,salt lake city
2025-08-24,35,mindfulness,salt lake city
2025-08-31,53,mindfulness,salt lake city
2025-09-07,39,mindfulness,salt lake city
2025-09-14,71,mindfulness,salt lake city
2025-09-21,65,mindfulness,salt lake city
2025-09-28,72,mindfulness,salt lake city
2025-10-05,51,mindfulness,salt lake city
2025-10-12,84,mindfulness,salt lake city
2025-10-19,83,mindfulness,salt lake city
2025-10-26,55,mindfulness,salt lake city
2025-11-02,73,mindfulness,salt lake city
2025-11-09,85,mindfulness,salt lake city
2025-11-16,73,mindfulness,salt lake city
2025-11-23,54,mindfulness,salt lake city
2025-11-30,47,mindfulness,salt lake city
2025-12-07,58,mindfulness,salt lake city
2024-12-08,0,mindfulness,austin
2024-12-15,0,mindfulness,austin
2024-12-22,0,mindfulness,austin
2024-12-29,0,mindfulness,austin
2025-01-05,59,mindfulness,austin
2025-01-12,37,mindfulness,austin
2025-01-19,57,mindfulness,austin
2025-01-26,75,mindfulness,austin
2025-02-02,47,mindfulness,austin
2025-02-09,0,mindfulness,austin
2025-02-16,64,mindfulness,austin
2025-02-23,67,mindfulness,austin
2025-03-02,57,mindfulness,austin
2025-03-09,60,mindfulness,austin
2025-03-16,43,mindfulness,austin
2025-03-23,37,mindfulness,austin
2025-03-30,47,mindfulness,austin
2025-04-06,73,mindfulness,austin
2025-04-13,0,mindfulness,austin
2025-04-20,0,mindfulness,austin
2025-04-27,0,mindfulness,austin
2025-05-04,0,mindfulness,austin
2025-05-11,0,mindfulness,austin
2025-05-18,45,mindfulness,austin
2025-05-25,0,mindfulness,austin
2025-06-01,0,mindfulness,austin
2025-06-08,50,mindfulness,austin
2025-06-15,0,mindfulness,austin
2025-06-22,48,mindfulness,austin
2025-06-29,60,mindfulness,austin
2025-07-06,79,mindfulness,austin
2025-07-13,66,mindfulness,austin
2025-07-20,85,mindfulness,austin
2025-07-27,70,mindfulness,austin
2025-08-03,47,mindfulness,austin
2025-08-10,53,mindfulness,austin
2025-08-17,41,mindfulness,austin
2025-08-24,0,mindfulness,austin
2025-08-31,48,mindfulness,austin
2025-09-07,66,mindfulness,austin
2025-09-14,91,mindfulness,austin
2025-09-21,77,mindfulness,austin
2025-09-28,62,mindfulness,austin
2025-10-05,68,mindfulness,austin
2025-10-12,39,mindfulness,austin
2025-10-19,75,mindfulness,austin
2025-10-26,0,mindfulness,austin
2025-11-02,85,mindfulness,austin
2025-11-09,100,mindfulness,austin
2025-11-16,75,mindfulness,austin
2025-11-23,60,mindfulness,austin
2025-11-30,43,mindfulness,austin
2025-12-07,52,mindfulness,austin
2024-12-08,61,mindfulness,new jersey
2024-12-15,51,mindfulness,new jersey
2024-12-22,36,mindfulness,new jersey
2024-12-29,45,mindfulness,new jersey
2025-01-05,59,mindfulness,new jersey
2025-01-12,57,mindfulness,new jersey
2025-01-19,58,mindfulness,new jersey
2025-01-26,50,mindfulness,new jersey
2025-02-02,64,mindfulness,new jersey
2025-02-09,56,mindfulness,new jersey
2025-02-16,62,mindfulness,new jersey
2025-02-23,69,mindfulness,new jersey
2025-03-02,55,mindfulness,new jersey
2025-03-09,65,mindfulness,new jersey
2025-03-16,65,mindfulness,new jersey
2025-03-23,70,mindfulness,new jersey
2025-03-30,50,mindfulness,new jersey
2025-04-06,73,mindfulness,new jersey
2025-04-13,68,mindfulness,new jersey
2025-04-20,61,mindfulness,new jersey
2025-04-27,58,mindfulness,new jersey
2025-05-04,50,mindfulness,new jersey
2025-05-11,40,mindfulness,new jersey
2025-05-18,61,mindfulness,new jersey
2025-05-25,49,mindfulness,new jersey
2025-06-01,48,mindfulness,new jersey
2025-06-08,46,mindfulness,new jersey
2025-06-15,56,mindfulness,new jersey
2025-06-22,47,mindfulness,new jersey
2025-06-29,52,mindfulness,new jersey
2025-07-06,69,mindfulness,new jersey
2025-07-13,67,mindfulness,new jersey
2025-07-20,100,mindfulness,new jersey
2025-07-27,80,mindfulness,new jersey
2025-08-03,52,mindfulness,new jersey
2025-08-10,58,mindfulness,new jersey
2025-08-17,47,mindfulness,new jersey
2025-08-24,45,mindfulness,new jersey
2025-08-31,46,mindfulness,new jersey
2025-09-07,53,mindfulness,new jersey
2025-09-14,67,mindfulness,new jersey
2025-09-21,67,mindfulness,new jersey
2025-09-28,54,mindfulness,new jersey
2025-10-05,57,mindfulness,new jersey
2025-10-12,60,mindfulness,new jersey
2025-10-19,65,mindfulness,new jersey
2025-10-26,62,mindfulness,new jersey
2025-11-02,62,mindfulness,new jersey
2025-11-09,73,mindfulness,new jersey
2025-11-16,63,mindfulness,new jersey
2025-11-23,47,mindfulness,new jersey
2025-11-30,51,mindfulness,new jersey
2025-12-07,56,mindfulness,new jersey
2024-12-08,0,sound bath,chicago
2024-12-15,0,sound bath,chicago
2024-12-22,57,sound bath,chicago
2024-12-29,0,sound bath,chicago
2025-01-05,0,sound bath,chicago
2025-01-12,39,sound bath,chicago
2025-01-19,69,sound bath,chicago
2025-01-26,58,sound bath,chicago
2025-02-02,0,sound bath,chicago
2025-02-09,47,sound bath,chicago
2025-02-16,44,sound bath,chicago
2025-02-23,81,sound bath,chicago
2025-03-02,49,sound bath,chicago
2025-03-09,49,sound bath,chicago
2025-03-16,48,sound bath,chicago
2025-03-23,100,sound bath,chicago
2025-03-30,64,sound bath,chicago
2025-04-06,59,sound bath,chicago
2025-04-13,38,sound bath,chicago
2025-04-20,36,sound bath,chicago
2025-04-27,0,sound bath,chicago
2025-05-04,0,sound bath,chicago
2025-05-11,52,sound bath,chicago
2025-05-18,42,sound bath,chicago
2025-05-25,48,sound bath,chicago
2025-06-01,53,sound bath,chicago
2025-06-08,0,sound bath,chicago
2025-06-15,0,sound bath,chicago
2025-06-22,60,sound bath,chicago
2025-06-29,0,sound bath,chicago
2025-07-06,55,sound bath,chicago
2025-07-13,51,sound bath,chicago
2025-07-20,69,sound bath,chicago
2025-07-27,67,sound bath,chicago
2025-08-03,62,sound bath,chicago
2025-08-10,45,sound bath,chicago
2025-08-17,38,sound bath,chicago
2025-08-24,0,sound bath,chicago
2025-08-31,0,sound bath,chicago
2025-09-07,0,sound bath,chicago
2025-09-14,57,sound bath,chicago
2025-09-21,0,sound bath,chicago
2025-09-28,55,sound bath,chicago
2025-10-05,0,sound bath,chicago
2025-10-12,53,sound bath,chicago
2025-10-19,39,sound bath,chicago
2025-10-26,50,sound bath,chicago
2025-11-02,69,sound bath,chicago
2025-11-09,65,sound bath,chicago
2025-11-16,42,sound bath,chicago
2025-11-23,13,sound bath,chicago
2025-11-30,41,sound bath,chicago
2025-12-07,51,sound bath,chicago
2024-12-08,0,sound bath,salt lake city
2024-12-15,0,sound bath,salt lake city
2024-12-22,0,sound bath,salt lake city
2024-12-29,0,sound bath,salt lake city
2025-01-05,57,sound bath,salt lake city
2025-01-12,0,sound bath,salt lake city
2025-01-19,0,sound bath,salt lake city
2025-01-26,54,sound bath,salt lake city
2025-02-02,0,sound bath,salt lake city
2025-02-09,51,sound bath,salt lake city
2025-02-16,65,sound bath,salt lake city
2025-02-23,0,sound bath,salt lake city
2025-03-02,51,sound bath,salt lake city
2025-03-09,0,sound bath,salt lake city
2025-03-16,0,sound bath,salt lake city
2025-03-23,0,sound bath,salt lake city
2025-03-30,0,sound bath,salt lake city
2025-04-06,0,sound bath,salt lake city
2025-04-13,0,sound bath,salt lake city
2025-04-20,0,sound bath,salt lake city
2025-04-27,0,sound bath,salt lake city
2025-05-04,0,sound bath,salt lake city
2025-05-11,0,sound bath,salt lake city
2025-05-18,0,sound bath,salt lake city
2025-05-25,0,sound bath,salt lake city
2025-06-01,0,sound bath,salt lake city
2025-06-08,0,sound bath,salt lake city
2025-06-15,0,sound bath,salt lake city
2025-06-22,0,sound bath,salt lake city
2025-06-29,0,sound bath,salt lake city
2025-07-06,55,sound bath,salt lake city
2025-07-13,0,sound bath,salt lake city
2025-07-20,0,sound bath,salt lake city
2025-07-27,0,sound bath,salt lake city
2025-08-03,78,sound bath,salt lake city
2025-08-10,100,sound bath,salt lake city
2025-08-17,65,sound bath,salt lake city
2025-08-24,62,sound bath,salt lake city
2025-08-31,0,sound bath,salt lake city
2025-09-07,0,sound bath,salt lake city
2025-09-14,0,sound bath,salt lake city
2025-09-21,0,sound bath,salt lake city
2025-09-28,60,sound bath,salt lake city
2025-10-05,64,sound bath,salt lake city
2025-10-12,0,sound bath,salt lake city
2025-10-19,0,sound bath,salt lake city
2025-10-26,0,sound bath,salt lake city
2025-11-02,0,sound bath,salt lake city
2025-11-09,0,sound bath,salt lake city
2025-11-16,0,sound bath,salt lake city
2025-11-23,5,sound bath,salt lake city
2025-11-30,31,sound bath,salt lake city
2025-12-07,29,sound bath,salt lake city
2024-12-08,0,sound bath,austin
2024-12-15,0,sound bath,austin
2024-12-22,0,sound bath,austin
2024-12-29,0,sound bath,austin
2025-01-05,0,sound bath,austin
2025-01-12,0,sound bath,austin
2025-01-19,0,sound bath,austin
2025-01-26,0,sound bath,austin
2025-02-02,0,sound bath,austin
2025-02-09,0,sound bath,austin
2025-02-16,0,sound bath,austin
2025-02-23,0,sound bath,austin
2025-03-02,0,sound bath,austin
2025-03-09,0,sound bath,austin
2025-03-16,0,sound bath,austin
2025-03-23,0,sound bath,austin
2025-03-30,0,sound bath,austin
2025-04-06,0,sound bath,austin
2025-04-13,0,sound bath,austin
2025-04-20,0,sound bath,austin
2025-04-27,0,sound bath,austin
2025-05-04,0,sound bath,austin
2025-05-11,0,sound bath,austin
2025-05-18,0,sound bath,austin
2025-05-25,0,sound bath,austin
2025-06-01,0,sound bath,austin
2025-06-08,0,sound bath,austin
2025-06-15,0,sound bath,austin
2025-06-22,0,sound bath,austin
2025-06-29,0,sound bath,austin
2025-07-06,0,sound bath,austin
2025-07-13,0,sound bath,austin
2025-07-20,0,sound bath,austin
2025-07-27,0,sound bath,austin
2025-08-03,0,sound bath,austin
2025-08-10,0,sound bath,austin
2025-08-17,0,sound bath,austin
2025-08-24,0,sound bath,austin
2025-08-31,0,sound bath,austin
2025-09-07,0,sound bath,austin
2025-09-14,0,sound bath,austin
2025-09-21,0,sound bath,austin
2025-09-28,0,sound bath,austin
2025-10-05,0,sound bath,austin
2025-10-12,0,sound bath,austin
2025-10-19,0,sound bath,austin
2025-10-26,0,sound bath,austin
2025-11-02,0,sound bath,austin
2025-11-09,0,sound bath,austin
2025-11-16,0,sound bath,austin
2025-11-23,30,sound bath,austin
2025-11-30,100,sound bath,austin
2025-12-07,73,sound bath,austin
2024-12-08,0,sound bath,new jersey
2024-12-15,0,sound bath,new jersey
2024-12-22,0,sound bath,new jersey
2024-12-29,66,sound bath,new jersey
2025-01-05,0,sound bath,new jersey
2025-01-12,73,sound bath,new jersey
2025-01-19,59,sound bath,new jersey
2025-01-26,51,sound bath,new jersey
2025-02-02,0,sound bath,new jersey
2025-02-09,52,sound bath,new jersey
2025-02-16,55,sound bath,new jersey
2025-02-23,48,sound bath,new jersey
2025-03-02,100,sound bath,new jersey
2025-03-09,0,sound bath,new jersey
2025-03-16,71,sound bath,new jersey
2025-03-23,0,sound bath,new jersey
2025-03-30,0,sound bath,new jersey
2025-04-06,0,sound bath,new jersey
2025-04-13,0,sound bath,new jersey
2025-04-20,0,sound bath,new jersey
2025-04-27,0,sound bath,new jersey
2025-05-04,0,sound bath,new jersey
2025-05-11,0,sound bath,new jersey
2025-05-18,0,sound bath,new jersey
2025-05-25,49,sound bath,new jersey
2025-06-01,0,sound bath,new jersey
2025-06-08,0,sound bath,new jersey
2025-06-15,50,sound bath,new jersey
2025-06-22,0,sound bath,new jersey
2025-06-29,0,sound bath,new jersey
2025-07-06,80,sound bath,new jersey
2025-07-13,0,sound bath,new jersey
2025-07-20,53,sound bath,new jersey
2025-07-27,0,sound bath,new jersey
2025-08-03,62,sound bath,new jersey
2025-08-10,54,sound bath,new jersey
2025-08-17,68,sound bath,new jersey
2025-08-24,0,sound bath,new jersey
2025-08-31,0,sound bath,new jersey
2025-09-07,0,sound bath,new jersey
2025-09-14,58,sound bath,new jersey
2025-09-21,0,sound bath,new jersey
2025-09-28,71,sound bath,new jersey
2025-10-05,59,sound bath,new jersey
2025-10-12,0,sound bath,new jersey
2025-10-19,0,sound bath,new jersey
2025-10-26,0,sound bath,new jersey
2025-11-02,82,sound bath,new jersey
2025-11-09,0,sound bath,new jersey
2025-11-16,0,sound bath,new jersey
2025-11-23,10,sound bath,new jersey
2025-11-30,31,sound bath,new jersey
2025-12-07,36,sound bath,new jersey
2024-12-08,0,yoga sculpt,chicago
2024-12-15,0,yoga sculpt,chicago
2024-12-22,0,yoga sculpt,chicago
2024-12-29,0,yoga sculpt,chicago
2025-01-05,0,yoga sculpt,chicago
2025-01-12,0,yoga sculpt,chicago
2025-01-19,73,yoga sculpt,chicago
2025-01-26,98,yoga sculpt,chicago
2025-02-02,71,yoga sculpt,chicago
2025-02-09,0,yoga sculpt,chicago
2025-02-16,78,yoga sculpt,chicago
2025-02-23,0,yoga sculpt,chicago
2025-03-02,100,yoga sculpt,chicago
2025-03-09,0,yoga sculpt,chicago
2025-03-16,0,yoga sculpt,chicago
2025-03-23,0,yoga sculpt,chicago
2025-03-30,0,yoga sculpt,chicago
2025-04-06,0,yoga sculpt,chicago
2025-04-13,0,yoga sculpt,chicago
2025-04-20,0,yoga sculpt,chicago
2025-04-27,0,yoga sculpt,chicago
2025-05-04,0,yoga sculpt,chicago
2025-05-11,0,yoga sculpt,chicago
2025-05-18,0,yoga sculpt,chicago
2025-05-25,100,yoga sculpt,chicago
2025-06-01,0,yoga sculpt,chicago
2025-06-08,0,yoga sculpt,chicago
2025-06-15,0,yoga sculpt,chicago
2025-06-22,0,yoga sculpt,chicago
2025-06-29,0,yoga sculpt,chicago
2025-07-06,0,yoga sculpt,chicago
2025-07-13,0,yoga sculpt,chicago
2025-07-20,0,yoga sculpt,chicago
2025-07-27,0,yoga sculpt,chicago
2025-08-03,0,yoga sculpt,chicago
2025-08-10,0,yoga sculpt,chicago
2025-08-17,0,yoga sculpt,chicago
2025-08-24,0,yoga sculpt,chicago
2025-08-31,0,yoga sculpt,chicago
2025-09-07,0,yoga sculpt,chicago
2025-09-14,0,yoga sculpt,chicago
2025-09-21,0,yoga sculpt,chicago
2025-09-28,0,yoga sculpt,chicago
2025-10-05,0,yoga sculpt,chicago
2025-10-12,0,yoga sculpt,chicago
2025-10-19,0,yoga sculpt,chicago
2025-10-26,0,yoga sculpt,chicago
2025-11-02,0,yoga sculpt,chicago
2025-11-09,0,yoga sculpt,chicago
2025-11-16,0,yoga sculpt,chicago
2025-11-23,10,yoga sculpt,chicago
2025-11-30,45,yoga sculpt,chicago
2025-12-07,50,yoga sculpt,chicago
2024-12-08,0,yoga sculpt,salt lake city
2024-12-15,0,yoga sculpt,salt lake city
2024-12-22,0,yoga sculpt,salt lake city
2024-12-29,0,yoga sculpt,salt lake city
2025-01-05,0,yoga sculpt,salt lake city
2025-01-12,100,yoga sculpt,salt lake city
2025-01-19,0,yoga sculpt,salt lake city
2025-01-26,0,yoga sculpt,salt lake city
2025-02-02,0,yoga sculpt,salt lake city
2025-02-09,0,yoga sculpt,salt lake city
2025-02-16,0,yoga sculpt,salt lake city
2025-02-23,0,yoga sculpt,salt lake city
2025-03-02,0,yoga sculpt,salt lake city
2025-03-09,0,yoga sculpt,salt lake city
2025-03-16,0,yoga sculpt,salt lake city
2025-03-23,0,yoga sculpt,salt lake city
2025-03-30,0,yoga sculpt,salt lake city
2025-04-06,0,yoga sculpt,salt lake city
2025-04-13,0,yoga sculpt,salt lake city
2025-04-20,0,yoga sculpt,salt lake city
2025-04-27,0,yoga sculpt,salt lake city
2025-05-04,0,yoga sculpt,salt lake city
2025-05-11,0,yoga sculpt,salt lake city
2025-05-18,0,yoga sculpt,salt lake city
2025-05-25,0,yoga sculpt,salt lake city
2025-06-01,0,yoga sculpt,salt lake city
2025-06-08,0,yoga sculpt,salt lake city
2025-06-15,0,yoga sculpt,salt lake city
2025-06-22,0,yoga sculpt,salt lake city
2025-06-29,0,yoga sculpt,salt lake city
2025-07-06,0,yoga sculpt,salt lake city
2025-07-13,0,yoga sculpt,salt lake city
2025-07-20,0,yoga sculpt,salt lake city
2025-07-27,0,yoga sculpt,salt lake city
2025-08-03,0,yoga sculpt,salt lake city
2025-08-10,0,yoga sculpt,salt lake city
2025-08-17,0,yoga sculpt,salt lake city
2025-08-24,0,yoga sculpt,salt lake city
2025-08-31,0,yoga sculpt,salt lake city
2025-09-07,0,yoga sculpt,salt lake city
2025-09-14,0,yoga sculpt,salt lake city
2025-09-21,0,yoga sculpt,salt lake city
2025-09-28,0,yoga sculpt,salt lake city
2025-10-05,0,yoga sculpt,salt lake city
2025-10-12,0,yoga sculpt,salt lake city
2025-10-19,0,yoga sculpt,salt lake city
2025-10-26,0,yoga sculpt,salt lake city
2025-11-02,0,yoga sculpt,salt lake city
2025-11-09,0,yoga sculpt,salt lake city
2025-11-16,0,yoga sculpt,salt lake city
2025-11-23,0,yoga sculpt,salt lake city
2025-11-30,0,yoga sculpt,salt lake city
2025-12-07,0,yoga sculpt,salt lake city
2024-12-08,0,yoga sculpt,austin
2024-12-15,0,yoga sculpt,austin
2024-12-22,0,yoga sculpt,austin
2024-12-29,0,yoga sculpt,austin
2025-01-05,0,yoga sculpt,austin
2025-01-12,0,yoga sculpt,austin
2025-01-19,0,yoga sculpt,austin
2025-01-26,0,yoga sculpt,austin
2025-02-02,0,yoga sculpt,austin
2025-02-09,0,yoga sculpt,austin
2025-02-16,0,yoga sculpt,austin
2025-02-23,0,yoga sculpt,austin
2025-03-02,0,yoga sculpt,austin
2025-03-09,0,yoga sculpt,austin
2025-03-16,0,yoga sculpt,austin
2025-03-23,0,yoga sculpt,austin
2025-03-30,0,yoga sculpt,austin
2025-04-06,0,yoga sculpt,austin
2025-04-13,0,yoga sculpt,austin
2025-04-20,0,yoga sculpt,austin
2025-04-27,0,yoga sculpt,austin
2025-05-04,0,yoga sculpt,austin
2025-05-11,0,yoga sculpt,austin
2025-05-18,0,yoga sculpt,austin
2025-05-25,0,yoga sculpt,austin
2025-06-01,0,yoga sculpt,austin
2025-06-08,0,yoga sculpt,austin
2025-06-15,0,yoga sculpt,austin
2025-06-22,0,yoga sculpt,austin
2025-06-29,0,yoga sculpt,austin
2025-07-06,0,yoga sculpt,austin
2025-07-13,0,yoga sculpt,austin
2025-07-20,0,yoga sculpt,austin
2025-07-27,0,yoga sculpt,austin
2025-08-03,0,yoga sculpt,austin
2025-08-10,0,yoga sculpt,austin
2025-08-17,0,yoga sculpt,austin
2025-08-24,0,yoga sculpt,austin
2025-08-31,0,yoga sculpt,austin
2025-09-07,0,yoga sculpt,austin
2025-09-14,0,yoga sculpt,austin
2025-09-21,0,yoga sculpt,austin
2025-09-28,0,yoga sculpt,austin
2025-10-05,0,yoga sculpt,austin
2025-10-12,0,yoga sculpt,austin
2025-10-19,0,yoga sculpt,austin
2025-10-26,0,yoga sculpt,austin
2025-11-02,0,yoga sculpt,austin
2025-11-09,0,yoga sculpt,austin
2025-11-16,0,yoga sculpt,austin
2025-11-23,0,yoga sculpt,austin
2025-11-30,98,yoga sculpt,austin
2025-12-07,100,yoga sculpt,austin
2024-12-08,0,yoga sculpt,new jersey
2024-12-15,0,yoga sculpt,new jersey
2024-12-22,0,yoga sculpt,new jersey
2024-12-29,0,yoga sculpt,new jersey
2025-01-05,0,yoga sculpt,new jersey
2025-01-12,0,yoga sculpt,new jersey
2025-01-19,0,yoga sculpt,new jersey
2025-01-26,0,yoga sculpt,new jersey
2025-02-02,0,yoga sculpt,new jersey
2025-02-09,0,yoga sculpt,new jersey
2025-02-16,0,yoga sculpt,new jersey
2025-02-23,0,yoga sculpt,new jersey
2025-03-02,0,yoga sculpt,new jersey
2025-03-09,0,yoga sculpt,new jersey
2025-03-16,0,yoga sculpt,new jersey
2025-03-23,0,yoga sculpt,new jersey
2025-03-30,100,yoga sculpt,new jersey
2025-04-06,0,yoga sculpt,new jersey
2025-04-13,0,yoga sculpt,new jersey
2025-04-20,0,yoga sculpt,new jersey
2025-04-27,0,yoga sculpt,new jersey
2025-05-04,0,yoga sculpt,new jersey
2025-05-11,0,yoga sculpt,new jersey
2025-05-18,0,yoga sculpt,new jersey
2025-05-25,0,yoga sculpt,new jersey
2025-06-01,0,yoga sculpt,new jersey
2025-06-08,0,yoga sculpt,new jersey
2025-06-15,0,yoga sculpt,new jersey
2025-06-22,0,yoga sculpt,new jersey
2025-06-29,0,yoga sculpt,new jersey
2025-07-06,0,yoga sculpt,new jersey
2025-07-13,0,yoga sculpt,new jersey
2025-07-20,0,yoga sculpt,new jersey
2025-07-27,0,yoga sculpt,new jersey
2025-08-03,0,yoga sculpt,new jersey
2025-08-10,0,yoga sculpt,new jersey
2025-08-17,0,yoga sculpt,new jersey
2025-08-24,0,yoga sculpt,new jersey
2025-08-31,0,yoga sculpt,new jersey
2025-09-07,0,yoga sculpt,new jersey
2025-09-14,0,yoga sculpt,new jersey
2025-09-21,0,yoga sculpt,new jersey
2025-09-28,0,yoga sculpt,new jersey
2025-10-05,0,yoga sculpt,new jersey
2025-10-12,0,yoga sculpt,new jersey
2025-10-19,0,yoga sculpt,new jersey
2025-10-26,0,yoga sculpt,new jersey
2025-11-02,0,yoga sculpt,new jersey
2025-11-09,0,yoga sculpt,new jersey
2025-11-16,0,yoga sculpt,new jersey
2025-11-23,8,yoga sculpt,new jersey
2025-11-30,22,yoga sculpt,new jersey
2025-12-07,13,yoga sculpt,new jersey
2024-12-08,45,community care,chicago
2024-12-15,52,community care,chicago
2024-12-22,37,community care,chicago
2024-12-29,50,community care,chicago
2025-01-05,64,community care,chicago
2025-01-12,71,community care,chicago
2025-01-19,54,community care,chicago
2025-01-26,50,community care,chicago
2025-02-02,53,community care,chicago
2025-02-09,57,community care,chicago
2025-02-16,46,community care,chicago
2025-02-23,69,community care,chicago
2025-03-02,53,community care,chicago
2025-03-09,52,community care,chicago
2025-03-16,53,community care,chicago
2025-03-23,40,community care,chicago
2025-03-30,54,community care,chicago
2025-04-06,60,community care,chicago
2025-04-13,50,community care,chicago
2025-04-20,60,community care,chicago
2025-04-27,59,community care,chicago
2025-05-04,60,community care,chicago
2025-05-11,49,community care,chicago
2025-05-18,44,community care,chicago
2025-05-25,52,community care,chicago
2025-06-01,49,community care,chicago
2025-06-08,54,community care,chicago
2025-06-15,59,community care,chicago
2025-06-22,58,community care,chicago
2025-06-29,54,community care,chicago
2025-07-06,68,community care,chicago
2025-07-13,72,community care,chicago
2025-07-20,58,community care,chicago
2025-07-27,68,community care,chicago
2025-08-03,51,community care,chicago
2025-08-10,53,community care,chicago
2025-08-17,41,community care,chicago
2025-08-24,58,community care,chicago
2025-08-31,46,community care,chicago
2025-09-07,65,community care,chicago
2025-09-14,80,community care,chicago
2025-09-21,73,community care,chicago
2025-09-28,71,community care,chicago
2025-10-05,70,community care,chicago
2025-10-12,59,community care,chicago
2025-10-19,59,community care,chicago
2025-10-26,71,community care,chicago
2025-11-02,100,community care,chicago
2025-11-09,85,community care,chicago
2025-11-16,99,community care,chicago
2025-11-23,42,community care,chicago
2025-11-30,54,community care,chicago
2025-12-07,55,community care,chicago
2024-12-08,51,community care,salt lake city
2024-12-15,0,community care,salt lake city
2024-12-22,0,community care,salt lake city
2024-12-29,0,community care,salt lake city
2025-01-05,66,community care,salt lake city
2025-01-12,55,community care,salt lake city
2025-01-19,0,community care,salt lake city
2025-01-26,61,community care,salt lake city
2025-02-02,0,community care,salt lake city
2025-02-09,0,community care,salt lake city
2025-02-16,61,community care,salt lake city
2025-02-23,79,community care,salt lake city
2025-03-02,0,community care,salt lake city
2025-03-09,52,community care,salt lake city
2025-03-16,64,community care,salt lake city
2025-03-23,62,community care,salt lake city
2025-03-30,98,community care,salt lake city
2025-04-06,86,community care,salt lake city
2025-04-13,56,community care,salt lake city
2025-04-20,0,community care,salt lake city
2025-04-27,50,community care,salt lake city
2025-05-04,57,community care,salt lake city
2025-05-11,53,community care,salt lake city
2025-05-18,67,community care,salt lake city
2025-05-25,0,community care,salt lake city
2025-06-01,0,community care,salt lake city
2025-06-08,61,community care,salt lake city
2025-06-15,53,community care,salt lake city
2025-06-22,65,community care,salt lake city
2025-06-29,0,community care,salt lake city
2025-07-06,65,community care,salt lake city
2025-07-13,73,community care,salt lake city
2025-07-20,89,community care,salt lake city
2025-07-27,66,community care,salt lake city
2025-08-03,49,community care,salt lake city
2025-08-10,0,community care,salt lake city
2025-08-17,59,community care,salt lake city
2025-08-24,0,community care,salt lake city
2025-08-31,0,community care,salt lake city
2025-09-07,79,community care,salt lake city
2025-09-14,60,community care,salt lake city
2025-09-21,99,community care,salt lake city
2025-09-28,87,community care,salt lake city
2025-10-05,63,community care,salt lake city
2025-10-12,70,community care,salt lake city
2025-10-19,0,community care,salt lake city
2025-10-26,85,community care,salt lake city
2025-11-02,89,community care,salt lake city
2025-11-09,70,community care,salt lake city
2025-11-16,100,community care,salt lake city
2025-11-23,58,community care,salt lake city
2025-11-30,56,community care,salt lake city
2025-12-07,50,community care,salt lake city
2024-12-08,63,community care,austin
2024-12-15,60,community care,austin
2024-12-22,45,community care,austin
2024-12-29,80,community care,austin
2025-01-05,62,community care,austin
2025-01-12,71,community care,austin
2025-01-19,76,community care,austin
2025-01-26,76,community care,austin
2025-02-02,84,community care,austin
2025-02-09,66,community care,austin
2025-02-16,77,community care,austin
2025-02-23,82,community care,austin
2025-03-02,61,community care,austin
2025-03-09,71,community care,austin
2025-03-16,75,community care,austin
2025-03-23,74,community care,austin
2025-03-30,68,community care,austin
2025-04-06,70,community care,austin
2025-04-13,75,community care,austin
2025-04-20,52,community care,austin
2025-04-27,63,community care,austin
2025-05-04,60,community care,austin
2025-05-11,77,community care,austin
2025-05-18,69,community care,austin
2025-05-25,60,community care,austin
2025-06-01,81,community care,austin
2025-06-08,69,community care,austin
2025-06-15,73,community care,austin
2025-06-22,83,community care,austin
2025-06-29,74,community care,austin
2025-07-06,67,community care,austin
2025-07-13,90,community care,austin
2025-07-20,75,community care,austin
2025-07-27,92,community care,austin
2025-08-03,70,community care,austin
2025-08-10,77,community care,austin
2025-08-17,64,community care,austin
2025-08-24,85,community care,austin
2025-08-31,69,community care,austin
2025-09-07,80,community care,austin
2025-09-14,78,community care,austin
2025-09-21,81,community care,austin
2025-09-28,72,community care,austin
2025-10-05,79,community care,austin
2025-10-12,81,community care,austin
2025-10-19,100,community care,austin
2025-10-26,83,community care,austin
2025-11-02,80,community care,austin
2025-11-09,80,community care,austin
2025-11-16,77,community care,austin
2025-11-23,63,community care,austin
2025-11-30,71,community care,austin
2025-12-07,72,community care,austin
2024-12-08,42,community care,new jersey
2024-12-15,53,community care,new jersey
2024-12-22,23,community care,new jersey
2024-12-29,40,community care,new jersey
2025-01-05,56,community care,new jersey
2025-01-12,57,community care,new jersey
2025-01-19,44,community care,new jersey
2025-01-26,52,community care,new jersey
2025-02-02,66,community care,new jersey
2025-02-09,54,community care,new jersey
2025-02-16,51,community care,new jersey
2025-02-23,51,community care,new jersey
2025-03-02,66,community care,new jersey
2025-03-09,49,community care,new jersey
2025-03-16,48,community care,new jersey
2025-03-23,47,community care,new jersey
2025-03-30,55,community care,new jersey
2025-04-06,67,community care,new jersey
2025-04-13,40,community care,new jersey
2025-04-20,59,community care,new jersey
2025-04-27,43,community care,new jersey
2025-05-04,70,community care,new jersey
2025-05-11,44,community care,new jersey
2025-05-18,37,community care,new jersey
2025-05-25,46,community care,new jersey
2025-06-01,71,community care,new jersey
2025-06-08,65,community care,new jersey
2025-06-15,60,community care,new jersey
2025-06-22,55,community care,new jersey
2025-06-29,49,community care,new jersey
2025-07-06,54,community care,new jersey
2025-07-13,81,community care,new jersey
2025-07-20,74,community care,new jersey
2025-07-27,65,community care,new jersey
2025-08-03,66,community care,new jersey
2025-08-10,65,community care,new jersey
2025-08-17,60,community care,new jersey
2025-08-24,52,community care,new jersey
2025-08-31,46,community care,new jersey
2025-09-07,53,community care,new jersey
2025-09-14,65,community care,new jersey
2025-09-21,68,community care,new jersey
2025-09-28,66,community care,new jersey
2025-10-05,68,community care,new jersey
2025-10-12,55,community care,new jersey
2025-10-19,73,community care,new jersey
2025-10-26,64,community care,new jersey
2025-11-02,100,community care,new jersey
2025-11-09,98,community care,new jersey
2025-11-16,70,community care,new jersey
2025-11-23,56,community care,new jersey
2025-11-30,53,community care,new jersey
2025-12-07,56,community care,new jersey
2024-12-08,65,pilates,chicago
2024-12-15,67,pilates,chicago
2024-12-22,66,pilates,chicago
2024-12-29,92,pilates,chicago
2025-01-05,100,pilates,chicago
2025-01-12,88,pilates,chicago
2025-01-19,77,pilates,chicago
2025-01-26,85,pilates,chicago
2025-02-02,75,pilates,chicago
2025-02-09,76,pilates,chicago
2025-02-16,84,pilates,chicago
2025-02-23,81,pilates,chicago
2025-03-02,76,pilates,chicago
2025-03-09,70,pilates,chicago
2025-03-16,77,pilates,chicago
2025-03-23,80,pilates,chicago
2025-03-30,76,pilates,chicago
2025-04-06,76,pilates,chicago
2025-04-13,78,pilates,chicago
2025-04-20,73,pilates,chicago
2025-04-27,73,pilates,chicago
2025-05-04,78,pilates,chicago
2025-05-11,76,pilates,chicago
2025-05-18,73,pilates,chicago
2025-05-25,78,pilates,chicago
2025-06-01,87,pilates,chicago
2025-06-08,77,pilates,chicago
2025-06-15,72,pilates,chicago
2025-06-22,75,pilates,chicago
2025-06-29,70,pilates,chicago
2025-07-06,86,pilates,chicago
2025-07-13,83,pilates,chicago
2025-07-20,90,pilates,chicago
2025-07-27,86,pilates,chicago
2025-08-03,78,pilates,chicago
2025-08-10,76,pilates,chicago
2025-08-17,72,pilates,chicago
2025-08-24,68,pilates,chicago
2025-08-31,69,pilates,chicago
2025-09-07,70,pilates,chicago
2025-09-14,63,pilates,chicago
2025-09-21,66,pilates,chicago
2025-09-28,69,pilates,chicago
2025-10-05,66,pilates,chicago
2025-10-12,66,pilates,chicago
2025-10-19,70,pilates,chicago
2025-10-26,64,pilates,chicago
2025-11-02,68,pilates,chicago
2025-11-09,73,pilates,chicago
2025-11-16,77,pilates,chicago
2025-11-23,70,pilates,chicago
2025-11-30,72,pilates,chicago
2025-12-07,77,pilates,chicago
2024-12-08,47,pilates,salt lake city
2024-12-15,63,pilates,salt lake city
2024-12-22,59,pilates,salt lake city
2024-12-29,97,pilates,salt lake city
2025-01-05,92,pilates,salt lake city
2025-01-12,100,pilates,salt lake city
2025-01-19,71,pilates,salt lake city
2025-01-26,74,pilates,salt lake city
2025-02-02,80,pilates,salt lake city
2025-02-09,66,pilates,salt lake city
2025-02-16,84,pilates,salt lake city
2025-02-23,85,pilates,salt lake city
2025-03-02,73,pilates,salt lake city
2025-03-09,67,pilates,salt lake city
2025-03-16,85,pilates,salt lake city
2025-03-23,67,pilates,salt lake city
2025-03-30,79,pilates,salt lake city
2025-04-06,74,pilates,salt lake city
2025-04-13,73,pilates,salt lake city
2025-04-20,66,pilates,salt lake city
2025-04-27,72,pilates,salt lake city
2025-05-04,71,pilates,salt lake city
2025-05-11,76,pilates,salt lake city
2025-05-18,82,pilates,salt lake city
2025-05-25,71,pilates,salt lake city
2025-06-01,78,pilates,salt lake city
2025-06-08,79,pilates,salt lake city
2025-06-15,67,pilates,salt lake city
2025-06-22,65,pilates,salt lake city
2025-06-29,73,pilates,salt lake city
2025-07-06,80,pilates,salt lake city
2025-07-13,74,pilates,salt lake city
2025-07-20,88,pilates,salt lake city
2025-07-27,96,pilates,salt lake city
2025-08-03,78,pilates,salt lake city
2025-08-10,68,pilates,salt lake city
2025-08-17,87,pilates,salt lake city
2025-08-24,74,pilates,salt lake city
2025-08-31,80,pilates,salt lake city
2025-09-07,64,pilates,salt lake city
2025-09-14,76,pilates,salt lake city
2025-09-21,60,pilates,salt lake city
2025-09-28,59,pilates,salt lake city
2025-10-05,63,pilates,salt lake city
2025-10-12,68,pilates,salt lake city
2025-10-19,63,pilates,salt lake city
2025-10-26,68,pilates,salt lake city
2025-11-02,65,pilates,salt lake city
2025-11-09,74,pilates,salt lake city
2025-11-16,77,pilates,salt lake city
2025-11-23,74,pilates,salt lake city
2025-11-30,74,pilates,salt lake city
2025-12-07,78,pilates,salt lake city
2024-12-08,66,pilates,austin
2024-12-15,64,pilates,austin
2024-12-22,70,pilates,austin
2024-12-29,94,pilates,austin
2025-01-05,99,pilates,austin
2025-01-12,97,pilates,austin
2025-01-19,93,pilates,austin
2025-01-26,88,pilates,austin
2025-02-02,92,pilates,austin
2025-02-09,80,pilates,austin
2025-02-16,96,pilates,austin
2025-02-23,85,pilates,austin
2025-03-02,91,pilates,austin
2025-03-09,82,pilates,austin
2025-03-16,79,pilates,austin
2025-03-23,80,pilates,austin
2025-03-30,94,pilates,austin
2025-04-06,87,pilates,austin
2025-04-13,82,pilates,austin
2025-04-20,81,pilates,austin
2025-04-27,86,pilates,austin
2025-05-04,86,pilates,austin
2025-05-11,86,pilates,austin
2025-05-18,78,pilates,austin
2025-05-25,84,pilates,austin
2025-06-01,92,pilates,austin
2025-06-08,92,pilates,austin
2025-06-15,83,pilates,austin
2025-06-22,93,pilates,austin
2025-06-29,85,pilates,austin
2025-07-06,98,pilates,austin
2025-07-13,92,pilates,austin
2025-07-20,93,pilates,austin
2025-07-27,100,pilates,austin
2025-08-03,97,pilates,austin
2025-08-10,77,pilates,austin
2025-08-17,96,pilates,austin
2025-08-24,82,pilates,austin
2025-08-31,79,pilates,austin
2025-09-07,74,pilates,austin
2025-09-14,79,pilates,austin
2025-09-21,77,pilates,austin
2025-09-28,78,pilates,austin
2025-10-05,80,pilates,austin
2025-10-12,74,pilates,austin
2025-10-19,73,pilates,austin
2025-10-26,84,pilates,austin
2025-11-02,79,pilates,austin
2025-11-09,71,pilates,austin
2025-11-16,70,pilates,austin
2025-11-23,64,pilates,austin
2025-11-30,78,pilates,austin
2025-12-07,79,pilates,austin
2024-12-08,60,pilates,new jersey
2024-12-15,64,pilates,new jersey
2024-12-22,72,pilates,new jersey
2024-12-29,100,pilates,new jersey
2025-01-05,85,pilates,new jersey
2025-01-12,83,pilates,new jersey
2025-01-19,80,pilates,new jersey
2025-01-26,75,pilates,new jersey
2025-02-02,76,pilates,new jersey
2025-02-09,71,pilates,new jersey
2025-02-16,85,pilates,new jersey
2025-02-23,75,pilates,new jersey
2025-03-02,84,pilates,new jersey
2025-03-09,78,pilates,new jersey
2025-03-16,79,pilates,new jersey
2025-03-23,80,pilates,new jersey
2025-03-30,84,pilates,new jersey
2025-04-06,79,pilates,new jersey
2025-04-13,79,pilates,new jersey
2025-04-20,76,pilates,new jersey
2025-04-27,81,pilates,new jersey
2025-05-04,80,pilates,new jersey
2025-05-11,78,pilates,new jersey
2025-05-18,81,pilates,new jersey
2025-05-25,74,pilates,new jersey
2025-06-01,78,pilates,new jersey
2025-06-08,80,pilates,new jersey
2025-06-15,81,pilates,new jersey
2025-06-22,77,pilates,new jersey
2025-06-29,73,pilates,new jersey
2025-07-06,87,pilates,new jersey
2025-07-13,90,pilates,new jersey
2025-07-20,86,pilates,new jersey
2025-07-27,88,pilates,new jersey
2025-08-03,84,pilates,new jersey
2025-08-10,83,pilates,new jersey
2025-08-17,80,pilates,new jersey
2025-08-24,79,pilates,new jersey
2025-08-31,74,pilates,new jersey
2025-09-07,79,pilates,new jersey
2025-09-14,77,pilates,new jersey
2025-09-21,82,pilates,new jersey
2025-09-28,81,pilates,new jersey
2025-10-05,73,pilates,new jersey
2025-10-12,78,pilates,new jersey
2025-10-19,78,pilates,new jersey
2025-10-26,69,pilates,new jersey
2025-11-02,71,pilates,new jersey
2025-11-09,79,pilates,new jersey
2025-11-16,81,pilates,new jersey
2025-11-23,75,pilates,new jersey
2025-11-30,81,pilates,new jersey
2025-12-07,83,pilates,new jersey
2024-12-08,20,journaling,chicago
2024-12-15,29,journaling,chicago
2024-12-22,37,journaling,chicago
2024-12-29,51,journaling,chicago
2025-01-05,42,journaling,chicago
2025-01-12,42,journaling,chicago
2025-01-19,46,journaling,chicago
2025-01-26,54,journaling,chicago
2025-02-02,43,journaling,chicago
2025-02-09,35,journaling,chicago
2025-02-16,36,journaling,chicago
2025-02-23,41,journaling,chicago
2025-03-02,46,journaling,chicago
2025-03-09,24,journaling,chicago
2025-03-16,35,journaling,chicago
2025-03-23,34,journaling,chicago
2025-03-30,38,journaling,chicago
2025-04-06,44,journaling,chicago
2025-04-13,32,journaling,chicago
2025-04-20,22,journaling,chicago
2025-04-27,38,journaling,chicago
2025-05-04,27,journaling,chicago
2025-05-11,37,journaling,chicago
2025-05-18,40,journaling,chicago
2025-05-25,30,journaling,chicago
2025-06-01,41,journaling,chicago
2025-06-08,53,journaling,chicago
2025-06-15,34,journaling,chicago
2025-06-22,36,journaling,chicago
2025-06-29,50,journaling,chicago
2025-07-06,74,journaling,chicago
2025-07-13,32,journaling,chicago
2025-07-20,100,journaling,chicago
2025-07-27,37,journaling,chicago
2025-08-03,35,journaling,chicago
2025-08-10,59,journaling,chicago
2025-08-17,38,journaling,chicago
2025-08-24,41,journaling,chicago
2025-08-31,36,journaling,chicago
2025-09-07,41,journaling,chicago
2025-09-14,44,journaling,chicago
2025-09-21,55,journaling,chicago
2025-09-28,43,journaling,chicago
2025-10-05,37,journaling,chicago
2025-10-12,40,journaling,chicago
2025-10-19,29,journaling,chicago
2025-10-26,53,journaling,chicago
2025-11-02,63,journaling,chicago
2025-11-09,64,journaling,chicago
2025-11-16,39,journaling,chicago
2025-11-23,50,journaling,chicago
2025-11-30,76,journaling,chicago
2025-12-07,66,journaling,chicago
2024-12-08,52,journaling,salt lake city
2024-12-15,0,journaling,salt lake city
2024-12-22,69,journaling,salt lake city
2024-12-29,68,journaling,salt lake city
2025-01-05,0,journaling,salt lake city
2025-01-12,69,journaling,salt lake city
2025-01-19,0,journaling,salt lake city
2025-01-26,57,journaling,salt lake city
2025-02-02,0,journaling,salt lake city
2025-02-09,0,journaling,salt lake city
2025-02-16,62,journaling,salt lake city
2025-02-23,0,journaling,salt lake city
2025-03-02,0,journaling,salt lake city
2025-03-09,0,journaling,salt lake city
2025-03-16,63,journaling,salt lake city
2025-03-23,0,journaling,salt lake city
2025-03-30,0,journaling,salt lake city
2025-04-06,0,journaling,salt lake city
2025-04-13,0,journaling,salt lake city
2025-04-20,56,journaling,salt lake city
2025-04-27,0,journaling,salt lake city
2025-05-04,60,journaling,salt lake city
2025-05-11,59,journaling,salt lake city
2025-05-18,0,journaling,salt lake city
2025-05-25,0,journaling,salt lake city
2025-06-01,0,journaling,salt lake city
2025-06-08,0,journaling,salt lake city
2025-06-15,0,journaling,salt lake city
2025-06-22,0,journaling,salt lake city
2025-06-29,0,journaling,salt lake city
2025-07-06,62,journaling,salt lake city
2025-07-13,0,journaling,salt lake city
2025-07-20,83,journaling,salt lake city
2025-07-27,65,journaling,salt lake city
2025-08-03,68,journaling,salt lake city
2025-08-10,0,journaling,salt lake city
2025-08-17,72,journaling,salt lake city
2025-08-24,100,journaling,salt lake city
2025-08-31,0,journaling,salt lake city
2025-09-07,0,journaling,salt lake city
2025-09-14,0,journaling,salt lake city
2025-09-21,0,journaling,salt lake city
2025-09-28,0,journaling,salt lake city
2025-10-05,0,journaling,salt lake city
2025-10-12,0,journaling,salt lake city
2025-10-19,0,journaling,salt lake city
2025-10-26,58,journaling,salt lake city
2025-11-02,0,journaling,salt lake city
2025-11-09,51,journaling,salt lake city
2025-11-16,0,journaling,salt lake city
2025-11-23,0,journaling,salt lake city
2025-11-30,92,journaling,salt lake city
2025-12-07,34,journaling,salt lake city
2024-12-08,0,journaling,austin
2024-12-15,88,journaling,austin
2024-12-22,0,journaling,austin
2024-12-29,0,journaling,austin
2025-01-05,74,journaling,austin
2025-01-12,0,journaling,austin
2025-01-19,0,journaling,austin
2025-01-26,92,journaling,austin
2025-02-02,59,journaling,austin
2025-02-09,0,journaling,austin
2025-02-16,0,journaling,austin
2025-02-23,0,journaling,austin
2025-03-02,0,journaling,austin
2025-03-09,0,journaling,austin
2025-03-16,0,journaling,austin
2025-03-23,0,journaling,austin
2025-03-30,0,journaling,austin
2025-04-06,0,journaling,austin
2025-04-13,0,journaling,austin
2025-04-20,58,journaling,austin
2025-04-27,0,journaling,austin
2025-05-04,0,journaling,austin
2025-05-11,0,journaling,austin
2025-05-18,0,journaling,austin
2025-05-25,0,journaling,austin
2025-06-01,100,journaling,austin
2025-06-08,0,journaling,austin
2025-06-15,0,journaling,austin
2025-06-22,0,journaling,austin
2025-06-29,66,journaling,austin
2025-07-06,75,journaling,austin
2025-07-13,0,journaling,austin
2025-07-20,89,journaling,austin
2025-07-27,0,journaling,austin
2025-08-03,0,journaling,austin
2025-08-10,64,journaling,austin
2025-08-17,0,journaling,austin
2025-08-24,0,journaling,austin
2025-08-31,77,journaling,austin
2025-09-07,0,journaling,austin
2025-09-14,0,journaling,austin
2025-09-21,0,journaling,austin
2025-09-28,0,journaling,austin
2025-10-05,100,journaling,austin
2025-10-12,0,journaling,austin
2025-10-19,0,journaling,austin
2025-10-26,0,journaling,austin
2025-11-02,0,journaling,austin
2025-11-09,92,journaling,austin
2025-11-16,0,journaling,austin
2025-11-23,0,journaling,austin
2025-11-30,64,journaling,austin
2025-12-07,31,journaling,austin
2024-12-08,39,journaling,new jersey
2024-12-15,35,journaling,new jersey
2024-12-22,34,journaling,new jersey
2024-12-29,65,journaling,new jersey
2025-01-05,47,journaling,new jersey
2025-01-12,21,journaling,new jersey
2025-01-19,36,journaling,new jersey
2025-01-26,31,journaling,new jersey
2025-02-02,0,journaling,new jersey
2025-02-09,38,journaling,new jersey
2025-02-16,46,journaling,new jersey
2025-02-23,25,journaling,new jersey
2025-03-02,42,journaling,new jersey
2025-03-09,30,journaling,new jersey
2025-03-16,0,journaling,new jersey
2025-03-23,35,journaling,new jersey
2025-03-30,28,journaling,new jersey
2025-04-06,26,journaling,new jersey
2025-04-13,36,journaling,new jersey
2025-04-20,38,journaling,new jersey
2025-04-27,36,journaling,new jersey
2025-05-04,36,journaling,new jersey
2025-05-11,0,journaling,new jersey
2025-05-18,22,journaling,new jersey
2025-05-25,46,journaling,new jersey
2025-06-01,0,journaling,new jersey
2025-06-08,29,journaling,new jersey
2025-06-15,30,journaling,new jersey
2025-06-22,41,journaling,new jersey
2025-06-29,0,journaling,new jersey
2025-07-06,64,journaling,new jersey
2025-07-13,47,journaling,new jersey
2025-07-20,100,journaling,new jersey
2025-07-27,58,journaling,new jersey
2025-08-03,37,journaling,new jersey
2025-08-10,31,journaling,new jersey
2025-08-17,42,journaling,new jersey
2025-08-24,28,journaling,new jersey
2025-08-31,23,journaling,new jersey
2025-09-07,41,journaling,new jersey
2025-09-14,28,journaling,new jersey
2025-09-21,58,journaling,new jersey
2025-09-28,31,journaling,new jersey
2025-10-05,79,journaling,new jersey
2025-10-12,40,journaling,new jersey
2025-10-19,47,journaling,new jersey
2025-10-26,32,journaling,new jersey
2025-11-02,0,journaling,new jersey
2025-11-09,46,journaling,new jersey
2025-11-16,50,journaling,new jersey
2025-11-23,0,journaling,new jersey
2025-11-30,59,journaling,new jersey
2025-12-07,26,journaling,new jersey
2024-12-08,0,healing circle,chicago
2024-12-15,0,healing circle,chicago
2024-12-22,0,healing circle,chicago
2024-12-29,0,healing circle,chicago
2025-01-05,0,healing circle,chicago
2025-01-12,0,healing circle,chicago
2025-01-19,0,healing circle,chicago
2025-01-26,98,healing circle,chicago
2025-02-02,0,healing circle,chicago
2025-02-09,0,healing circle,chicago
2025-02-16,0,healing circle,chicago
2025-02-23,0,healing circle,chicago
2025-03-02,0,healing circle,chicago
2025-03-09,0,healing circle,chicago
2025-03-16,0,healing circle,chicago
2025-03-23,0,healing circle,chicago
2025-03-30,0,healing circle,chicago
2025-04-06,100,healing circle,chicago
2025-04-13,0,healing circle,chicago
2025-04-20,0,healing circle,chicago
2025-04-27,0,healing circle,chicago
2025-05-04,0,healing circle,chicago
2025-05-11,0,healing circle,chicago
2025-05-18,0,healing circle,chicago
2025-05-25,0,healing circle,chicago
2025-06-01,0,healing circle,chicago
2025-06-08,0,healing circle,chicago
2025-06-15,0,healing circle,chicago
2025-06-22,0,healing circle,chicago
2025-06-29,0,healing circle,chicago
2025-07-06,0,healing circle,chicago
2025-07-13,0,healing circle,chicago
2025-07-20,0,healing circle,chicago
2025-07-27,0,healing circle,chicago
2025-08-03,0,healing circle,chicago
2025-08-10,0,healing circle,chicago
2025-08-17,0,healing circle,chicago
2025-08-24,0,healing circle,chicago
2025-08-31,0,healing circle,chicago
2025-09-07,0,healing circle,chicago
2025-09-14,0,healing circle,chicago
2025-09-21,0,healing circle,chicago
2025-09-28,0,healing circle,chicago
2025-10-05,0,healing circle,chicago
2025-10-12,0,healing circle,chicago
2025-10-19,0,healing circle,chicago
2025-10-26,0,healing circle,chicago
2025-11-02,0,healing circle,chicago
2025-11-09,0,healing circle,chicago
2025-11-16,0,healing circle,chicago
2025-11-23,0,healing circle,chicago
2025-11-30,8,healing circle,chicago
2025-12-07,0,healing circle,chicago
2024-12-08,0,healing circle,salt lake city
2024-12-15,0,healing circle,salt lake city
2024-12-22,0,healing circle,salt lake city
2024-12-29,0,healing circle,salt lake city
2025-01-05,0,healing circle,salt lake city
2025-01-12,0,healing circle,salt lake city
2025-01-19,0,healing circle,salt lake city
2025-01-26,0,healing circle,salt lake city
2025-02-02,0,healing circle,salt lake city
2025-02-09,0,healing circle,salt lake city
2025-02-16,0,healing circle,salt lake city
2025-02-23,0,healing circle,salt lake city
2025-03-02,0,healing circle,salt lake city
2025-03-09,0,healing circle,salt lake city
2025-03-16,0,healing circle,salt lake city
2025-03-23,0,healing circle,salt lake city
2025-03-30,0,healing circle,salt lake city
2025-04-06,0,healing circle,salt lake city
2025-04-13,0,healing circle,salt lake city
2025-04-20,0,healing circle,salt lake city
2025-04-27,0,healing circle,salt lake city
2025-05-04,0,healing circle,salt lake city
2025-05-11,0,healing circle,salt lake city
2025-05-18,0,healing circle,salt lake city
2025-05-25,0,healing circle,salt lake city
2025-06-01,0,healing circle,salt lake city
2025-06-08,0,healing circle,salt lake city
2025-06-15,0,healing circle,salt lake city
2025-06-22,0,healing circle,salt lake city
2025-06-29,0,healing circle,salt lake city
2025-07-06,0,healing circle,salt lake city
2025-07-13,0,healing circle,salt lake city
2025-07-20,0,healing circle,salt lake city
2025-07-27,0,healing circle,salt lake city
2025-08-03,0,healing circle,salt lake city
2025-08-10,0,healing circle,salt lake city
2025-08-17,0,healing circle,salt lake city
2025-08-24,0,healing circle,salt lake city
2025-08-31,0,healing circle,salt lake city
2025-09-07,0,healing circle,salt lake city
2025-09-14,0,healing circle,salt lake city
2025-09-21,0,healing circle,salt lake city
2025-09-28,0,healing circle,salt lake city
2025-10-05,0,healing circle,salt lake city
2025-10-12,0,healing circle,salt lake city
2025-10-19,0,healing circle,salt lake city
2025-10-26,0,healing circle,salt lake city
2025-11-02,0,healing circle,salt lake city
2025-11-09,0,healing circle,salt lake city
2025-11-16,0,healing circle,salt lake city
2025-11-23,0,healing circle,salt lake city
2025-11-30,100,healing circle,salt lake city
2025-12-07,0,healing circle,salt lake city
2024-12-08,0,healing circle,austin
2024-12-15,0,healing circle,austin
2024-12-22,0,healing circle,austin
2024-12-29,0,healing circle,austin
2025-01-05,0,healing circle,austin
2025-01-12,0,healing circle,austin
2025-01-19,0,healing circle,austin
2025-01-26,0,healing circle,austin
2025-02-02,0,healing circle,austin
2025-02-09,0,healing circle,austin
2025-02-16,100,healing circle,austin
2025-02-23,0,healing circle,austin
2025-03-02,0,healing circle,austin
2025-03-09,0,healing circle,austin
2025-03-16,0,healing circle,austin
2025-03-23,0,healing circle,austin
2025-03-30,0,healing circle,austin
2025-04-06,0,healing circle,austin
2025-04-13,0,healing circle,austin
2025-04-20,0,healing circle,austin
2025-04-27,0,healing circle,austin
2025-05-04,0,healing circle,austin
2025-05-11,0,healing circle,austin
2025-05-18,0,healing circle,austin
2025-05-25,0,healing circle,austin
2025-06-01,0,healing circle,austin
2025-06-08,0,healing circle,austin
2025-06-15,0,healing circle,austin
2025-06-22,0,healing circle,austin
2025-06-29,0,healing circle,austin
2025-07-06,0,healing circle,austin
2025-07-13,0,healing circle,austin
2025-07-20,0,healing circle,austin
2025-07-27,0,healing circle,austin
2025-08-03,0,healing circle,austin
2025-08-10,0,healing circle,austin
2025-08-17,0,healing circle,austin
2025-08-24,0,healing circle,austin
2025-08-31,0,healing circle,austin
2025-09-07,0,healing circle,austin
2025-09-14,0,healing circle,austin
2025-09-21,0,healing circle,austin
2025-09-28,0,healing circle,austin
2025-10-05,0,healing circle,austin
2025-10-12,0,healing circle,austin
2025-10-19,0,healing circle,austin
2025-10-26,0,healing circle,austin
2025-11-02,0,healing circle,austin
2025-11-09,0,healing circle,austin
2025-11-16,0,healing circle,austin
2025-11-23,0,healing circle,austin
2025-11-30,0,healing circle,austin
2025-12-07,0,healing circle,austin
2024-12-08,0,healing circle,new jersey
2024-12-15,0,healing circle,new jersey
2024-12-22,0,healing circle,new jersey
2024-12-29,0,healing circle,new jersey
2025-01-05,0,healing circle,new jersey
2025-01-12,0,healing circle,new jersey
2025-01-19,0,healing circle,new jersey
2025-01-26,0,healing circle,new jersey
2025-02-02,0,healing circle,new jersey
2025-02-09,0,healing circle,new jersey
2025-02-16,0,healing circle,new jersey
2025-02-23,0,healing circle,new jersey
2025-03-02,0,healing circle,new jersey
2025-03-09,0,healing circle,new jersey
2025-03-16,0,healing circle,new jersey
2025-03-23,0,healing circle,new jersey
2025-03-30,0,healing circle,new jersey
2025-04-06,0,healing circle,new jersey
2025-04-13,0,healing circle,new jersey
2025-04-20,0,healing circle,new jersey
2025-04-27,0,healing circle,new jersey
2025-05-04,0,healing circle,new jersey
2025-05-11,0,healing circle,new jersey
2025-05-18,0,healing circle,new jersey
2025-05-25,0,healing circle,new jersey
2025-06-01,0,healing circle,new jersey
2025-06-08,0,healing circle,new jersey
2025-06-15,0,healing circle,new jersey
2025-06-22,0,healing circle,new jersey
2025-06-29,0,healing circle,new jersey
2025-07-06,0,healing circle,new jersey
2025-07-13,0,healing circle,new jersey
2025-07-20,0,healing circle,new jersey
2025-07-27,0,healing circle,new jersey
2025-08-03,0,healing circle,new jersey
2025-08-10,0,healing circle,new jersey
2025-08-17,0,healing circle,new jersey
2025-08-24,0,healing circle,new jersey
2025-08-31,0,healing circle,new jersey
2025-09-07,0,healing circle,new jersey
2025-09-14,0,healing circle,new jersey
2025-09-21,0,healing circle,new jersey
2025-09-28,0,healing circle,new jersey
2025-10-05,0,healing circle,new jersey
2025-10-12,0,healing circle,new jersey
2025-10-19,0,healing circle,new jersey
2025-10-26,0,healing circle,new jersey
2025-11-02,0,healing circle,new jersey
2025-11-09,0,healing circle,new jersey
2025-11-16,0,healing circle,new jersey
2025-11-23,0,healing circle,new jersey
2025-11-30,0,healing circle,new jersey
2025-12-07,100,healing circle,new jersey
